timestamp,outdoor_temp_c,outdoor_humidity_percent,wind_speed_kmh
2026-01-01 00:00:00,23.618101782710436,79.95462372816596,2.826907538697723
2026-01-01 01:00:00,32.260714596148745,43.17590398668348,10.501674105090368
2026-01-01 02:00:00,28.979909127171076,37.96921796501727,10.650161945761704
2026-01-01 03:00:00,26.979877262955547,56.919901815265966,12.198878423971305
2026-01-01 04:00:00,20.34027960663655,84.21077497608303,13.617461339562585
2026-01-01 05:00:00,20.33991780504304,43.31303993313252,17.613633271400552
2026-01-01 06:00:00,18.871254182522993,66.96745510732332,10.260805572819125
2026-01-01 07:00:00,30.99264218662403,71.88907884307946,7.167303567059935
2026-01-01 08:00:00,27.01672517614813,43.07006491958198,14.722979116299259
2026-01-01 09:00:00,28.621088666940683,70.05189917365227,6.3333160201931875
2026-01-01 10:00:00,18.308767414437035,50.22807229955893,9.023542731290178
2026-01-01 11:00:00,32.54864778242992,64.77682068264687,3.2553021014762553
2026-01-01 12:00:00,30.48663961200633,64.84413409184921,2.40561189464732
2026-01-01 13:00:00,21.185086660174143,59.46760762411172,17.4023746348468
2026-01-01 14:00:00,20.727374508106507,34.965937352992455,15.375681928195293
2026-01-01 15:00:00,20.751067647801506,75.94163725740809,13.135587297499168
2026-01-01 16:00:00,22.563633644393065,47.642903573445466,8.543247110628318
2026-01-01 17:00:00,25.871346474483566,40.258518071991986,4.772709121133532
2026-01-01 18:00:00,24.479175279631736,32.242632785512015,4.502992682737377
2026-01-01 19:00:00,22.368437102970628,62.4991118753533,6.003886370633525
2026-01-01 20:00:00,27.17779342083569,67.26603990132554,10.787626635297928
2026-01-01 21:00:00,20.092407909780626,30.912330591032088,13.433534763200997
2026-01-01 22:00:00,22.382169728028273,58.165118206460455,12.5631580274837
2026-01-01 23:00:00,23.495427649405375,42.45726763588659,6.478942351135085
2026-01-02 00:00:00,24.84104976325554,65.48450347251975,17.277844490611105
2026-01-02 01:00:00,29.777639420895206,39.59015359527453,13.806350667132296
2026-01-02 02:00:00,20.995106732375397,68.00157559563563,10.869664840182411
2026-01-02 03:00:00,25.713516576204174,51.27044404652956,11.787531939749636
2026-01-02 04:00:00,26.886218532930638,81.5201493805204,8.713600998844639
2026-01-02 05:00:00,18.696756190799967,37.56365192802963,5.963695832018519
2026-01-02 06:00:00,27.113172778521573,48.758649307764216,7.695562858420185
2026-01-02 07:00:00,20.557861855309373,36.2410436682324,14.125537767429906
2026-01-02 08:00:00,18.97577389477919,80.85814900532095,2.230295818076094
2026-01-02 09:00:00,32.2332830588,78.25366443595397,3.8571622481106598
2026-01-02 10:00:00,32.484480496118394,44.18678952433356,2.736042272348044
2026-01-02 11:00:00,30.125960221746915,66.29912253187985,2.651660837103522
2026-01-02 12:00:00,22.56920653760056,74.94722101106687,15.687369344176116
2026-01-02 13:00:00,19.46508171009576,60.53604463797043,13.258525750080379
2026-01-02 14:00:00,28.263495397682355,59.130781809580355,9.586781265397203
2026-01-02 15:00:00,24.60228740609402,43.30187599952484,3.5653465704160237
2026-01-02 16:00:00,19.83057352267168,35.120652229324456,9.865854001869318
2026-01-02 17:00:00,25.427653651669054,79.34686668743296,9.575548332489051
2026-01-02 18:00:00,18.515827816728276,79.52299314398317,4.771229918560243
2026-01-02 19:00:00,31.63980603118173,64.82058015002974,8.941626387807569
2026-01-02 20:00:00,21.881699724000253,48.64663850767854,8.376075750357975
2026-01-02 21:00:00,27.937834265309732,49.20652660369635,11.853601568835463
2026-01-02 22:00:00,22.675666141341164,69.92756233786316,12.1614984138823
2026-01-02 23:00:00,25.801020317667163,79.34106429739174,2.7248641563527123
2026-01-03 00:00:00,26.200654190149194,78.78975333458145,7.9938018340235395
2026-01-03 01:00:00,20.772816832882906,72.89315502216931,12.013758651427782
2026-01-03 02:00:00,32.54376941646838,65.31174053848582,10.050180137281403
2026-01-03 03:00:00,29.626992350416717,34.62769807472769,15.703837459013156
2026-01-03 04:00:00,32.09248412346284,38.88957927520376,12.53909810590312
2026-01-03 05:00:00,31.422410256414732,79.42048036898936,4.606950833302875
2026-01-03 06:00:00,26.968499682166275,63.35359828127745,3.1290999584068775
2026-01-03 07:00:00,31.82811352534675,30.50583783891463,12.27870845130105
2026-01-03 08:00:00,19.327387530778793,35.58093485763177,2.424180968665949
2026-01-03 09:00:00,20.93974293628718,66.49259730094306,11.372409300375413
2026-01-03 10:00:00,18.67840933365807,30.278387111542028,17.04368386279932
2026-01-03 11:00:00,22.879954961448966,38.844442827962425,11.207586846014063
2026-01-03 12:00:00,23.83015934534223,60.18035841516223,8.21071881930435
2026-01-03 13:00:00,22.07023547660844,68.05423587309812,12.29261149507765
2026-01-03 14:00:00,30.43106263727894,65.85786927264303,9.332046247864266
2026-01-03 15:00:00,23.351299900403838,42.33481202033079,10.729868629054959
2026-01-03 16:00:00,22.21401764531071,69.16985717411447,17.063436940424403
2026-01-03 17:00:00,26.14044124737373,43.048699812324,8.177642204812388
2026-01-03 18:00:00,20.113863374621438,47.89698339875973,17.379049021182627
2026-01-03 19:00:00,30.032954711310595,71.05702728149133,16.48561027129702
2026-01-03 20:00:00,19.118259655196564,65.7298094475968,5.132658156628743
2026-01-03 21:00:00,32.803304049007764,76.70728757717978,3.1097808140026473
2026-01-03 22:00:00,29.58367153944986,66.1687090765189,3.6124480220388264
2026-01-03 23:00:00,20.980735223012587,61.25697318345094,2.2915492104247956
2026-01-04 00:00:00,18.082831756854034,35.152112230545086,3.5110873720948543
2026-01-04 01:00:00,30.231921426822513,50.224369168268844,12.92810837466171
2026-01-04 02:00:00,28.602860157714257,44.5861302224949,3.139018375363664
2026-01-04 03:00:00,28.93510752061481,43.419430385849594,7.103610084700181
2026-01-04 04:00:00,29.569055200289185,83.51558051138451,15.518004975511273
2026-01-04 05:00:00,19.110669776011356,51.62037485667182,2.372350971773214
2026-01-04 06:00:00,23.37698592816409,79.06256053474124,15.031495721422973
2026-01-04 07:00:00,19.738035892876944,64.71262442984946,6.509676396374399
2026-01-04 08:00:00,30.946551388133905,73.71462169479067,3.8906372419465
2026-01-04 09:00:00,27.34947190241337,57.645040120785566,13.14779464582641
2026-01-04 10:00:00,22.963470372789736,61.72971365444975,12.063085548478144
2026-01-04 11:00:00,18.953375254290354,57.088473160037516,16.039552216432845
2026-01-04 12:00:00,22.664734825734932,40.738364328892445,13.761136700862172
2026-01-04 13:00:00,22.877749830401207,69.73486633938279,14.855694886157577
2026-01-04 14:00:00,28.944092675070962,45.44247993424707,6.512553161140904
2026-01-04 15:00:00,27.563362070328196,31.33737815372996,4.839032700475565
2026-01-04 16:00:00,31.308191138644897,65.50097627489423,14.009836026253733
2026-01-04 17:00:00,25.08322387742924,39.74108736738769,14.909355828276224
2026-01-04 18:00:00,19.793913689074525,81.72522213941028,17.84808227201077
2026-01-04 19:00:00,28.698671808344926,82.46607173514231,8.601882830582824
2026-01-04 20:00:00,29.411775729253463,80.31754146212467,7.952289372684531
2026-01-04 21:00:00,26.419157963542446,50.358728514049446,14.42260737187195
2026-01-04 22:00:00,29.564507699318415,30.85011390908771,7.4528566440482855
2026-01-04 23:00:00,25.40693394546586,81.0575209423249,16.892117209657037
2026-01-05 00:00:00,25.840992440729913,53.55012815745229,15.734604029488189
2026-01-05 01:00:00,24.413115275378246,83.16601504740183,8.863904438000294
2026-01-05 02:00:00,18.381286901161427,82.9990987399089,14.013937084663958
2026-01-05 03:00:00,19.618371404899566,76.9155200507048,14.072685985354918
2026-01-05 04:00:00,18.471437785301013,46.19468906382721,3.6499819013749217
2026-01-05 05:00:00,27.546156168956706,51.18037507310589,16.440846506873065
2026-01-05 06:00:00,22.7153397161449,76.81251693342713,10.084037959165714
2026-01-05 07:00:00,25.62856036747054,47.430710283595275,15.223319457723866
2026-01-05 08:00:00,31.613497108891394,39.32210106773509,7.120793616489788
2026-01-05 09:00:00,21.739383437233123,60.62406943520926,16.328371655939208
2026-01-05 10:00:00,24.155743845534445,81.48851257884294,8.22722685974661
2026-01-05 11:00:00,29.33326707814573,68.28163881712351,2.1734024236847738
2026-01-05 12:00:00,21.431972482374338,61.35336435491507,16.48611162270822
2026-01-05 13:00:00,19.154698647431896,35.34470715739227,3.460586828578137
2026-01-05 14:00:00,22.34627179370652,63.825397468454334,7.109018201446638
2026-01-05 15:00:00,20.418319308810066,84.45296175573448,17.20099147281288
2026-01-05 16:00:00,31.945464785138597,37.70462083800882,17.209714351000898
2026-01-05 17:00:00,30.121805693466253,58.508130880005524,11.175006209972578
2026-01-05 18:00:00,27.501056347656352,78.25551895603755,12.109395394716788
2026-01-05 19:00:00,31.071908852815767,70.74227397648124,9.175128351653116
2026-01-05 20:00:00,30.055081153486718,68.33586575473973,6.6913723471690325
2026-01-05 21:00:00,20.798550883290538,68.63662461929101,7.258632725918655
2026-01-05 22:00:00,31.388384977349666,49.77201331708653,12.760295297232615
2026-01-05 23:00:00,26.090133628734762,46.14755143454714,14.03799247100288
2026-01-06 00:00:00,30.111602327460936,74.51486355131826,14.665264699613576
2026-01-06 01:00:00,31.4413694988524,74.55623670735494,14.633890284712862
2026-01-06 02:00:00,22.77005212457796,77.68897752190571,3.459297648779046
2026-01-06 03:00:00,19.65077886791515,80.22823039060592,9.910724875241304
2026-01-06 04:00:00,21.419027438129124,58.12383193735158,2.9209401602663085
2026-01-06 05:00:00,24.406616829393844,57.58339620779598,10.792462117179769
2026-01-06 06:00:00,30.270221488837397,73.90623484317263,9.064488021974032
2026-01-06 07:00:00,30.910958748845154,65.74801619277709,16.203266924132798
2026-01-06 08:00:00,18.10428195796786,68.60817824917368,7.614640200833259
2026-01-06 09:00:00,25.661209538663485,73.76859681898556,3.873072262841694
2026-01-06 10:00:00,24.261165047231685,78.95029379996615,4.287866912845374
2026-01-06 11:00:00,21.331617157060954,48.58973362683447,14.184170107479556
2026-01-06 12:00:00,19.797980510005242,50.65706239519692,11.891489013060177
2026-01-06 13:00:00,23.06422757105442,35.169006691247795,3.617962817964644
2026-01-06 14:00:00,32.14364555868779,61.80540775478957,3.345708897839959
2026-01-06 15:00:00,22.848043980311328,31.976825058820815,13.21550610334592
2026-01-06 16:00:00,25.781859326150492,55.60789099728531,3.1642081018270964
2026-01-06 17:00:00,28.545284383427667,59.845454908916714,15.1497609486457
2026-01-06 18:00:00,23.45444403568941,45.75976886705564,13.29987563450394
2026-01-06 19:00:00,32.57673124081441,62.49582933129559,3.3015804902703962
2026-01-06 20:00:00,32.43670942413167,31.67751374664772,3.3574034253630707
2026-01-06 21:00:00,21.776734437380462,32.054150381206796,17.786233256018807
2026-01-06 22:00:00,25.45872758838578,75.2430308362812,7.988332732097925
2026-01-06 23:00:00,22.513174647251546,49.81048527761946,7.930274353070255
2026-01-07 00:00:00,22.272607415662016,36.98832819585366,15.004793076120041
2026-01-07 01:00:00,18.553304210317993,58.72337930301424,17.155977238141737
2026-01-07 02:00:00,27.143465009698453,72.3496454204236,17.776017021165934
2026-01-07 03:00:00,25.54018534843292,41.870156512326375,14.054050964143066
2026-01-07 04:00:00,18.77218126874984,64.25897617004502,8.020153368494652
2026-01-07 05:00:00,22.179696963549173,34.69411057465724,3.3360114671787002
