timestamp,nh3_ppm,co2_ppm,temperature_c,humidity_percent,light_intensity_lux
2026-01-01 00:00:00,16.236203565420873,1656.6910852355413,22.036462217224816,63.167862479767635,46.63879572302684
2026-01-01 00:15:00,33.52142919229749,1364.9734594194167,25.96091042116194,61.77136571704058,44.57703187007998
2026-01-01 00:30:00,26.959818254342153,957.1497093153899,29.602404194640492,45.89747230322525,136.87564127294513
2026-01-01 00:45:00,22.959754525911098,1864.8310354725077,28.054473750505174,56.94367396691547,44.93646797893086
2026-01-01 01:00:00,9.680559213273096,1632.5161105969828,28.872172626475948,58.306846657505,48.07296165800834
2026-01-01 01:15:00,9.67983561008608,692.7104908208044,27.24661703381789,58.958797331391516,116.31575673851492
2026-01-01 01:30:00,6.742508365045984,2039.6689320889163,27.615042209696377,65.30603292295663,72.96357794307559
2026-01-01 01:45:00,30.985284373248057,1880.5670372617042,29.34115216721851,63.67608913544075,118.73947797372537
2026-01-01 02:00:00,23.033450352296263,2109.6398439254635,22.746348097451044,66.27667824777056,19.151262059013934
2026-01-01 02:15:00,26.242177333881365,1706.295115099048,25.383674600074546,71.77091415397449,78.2599671142738
2026-01-01 02:30:00,5.617534828874073,1504.1473526844218,22.433303860015624,73.45450085506327,14.705904025659569
2026-01-01 02:45:00,34.097295564859834,1152.837465323114,30.864348087963116,70.1343076679273,18.771448483749634
2026-01-01 03:00:00,29.973279224012654,2078.911270037224,30.384652736552745,78.44332935842272,136.90124346821753
2026-01-01 03:15:00,11.370173320348284,1958.915001100735,20.433694925053565,45.63814039367266,29.494351956463323
2026-01-01 03:30:00,10.454749016213018,481.3936061911409,27.761326897672575,51.85222949892411,84.5388955185304
2026-01-01 03:45:00,10.502135295603015,447.4605540950536,30.177731491572324,45.264700624234976,67.55338436409892
2026-01-01 04:00:00,14.127267288786133,1077.6340603804892,21.98632879640067,67.6616149954111,58.62806567623797
2026-01-01 04:15:00,20.742692948967136,1858.9959954072992,26.247397536078925,76.43106921324954,135.97666839621814
2026-01-01 04:30:00,17.958350559263472,2177.0970327669,30.07037127346846,53.52188038017047,13.055275548568531
2026-01-01 04:45:00,13.736874205941257,670.7504039863506,20.37340576444379,77.44620906787074,102.93055606458248
2026-01-01 05:00:00,23.355586841671386,1469.4352876338432,27.67162293971524,47.10935866013463,144.87522078989707
2026-01-01 05:15:00,9.184815819561255,1085.6035419358386,23.27083908109806,77.70526093819299,88.42354568465787
2026-01-01 05:30:00,13.764339456056545,2145.845916066286,30.168358149141834,57.30679405338721,141.15514468463286
2026-01-01 05:45:00,15.99085529881075,1915.8140616442756,30.681640696819045,48.549728995722575,17.31610310004333
2026-01-01 06:00:00,18.682099526511077,1908.991668480048,30.386931380247773,62.005511571521396,68.63106467038259
2026-01-01 06:15:00,28.555278841790408,1243.6476876309466,25.216356383232103,53.98717987021778,46.42209073468716
2026-01-01 06:30:00,10.990213464750791,1146.6751042077972,29.482469160882445,54.9705515686673,112.31493509730217
2026-01-01 06:45:00,20.42703315240835,892.1327294752712,29.290043383885774,55.75514877242003,147.38159266961452
2026-01-01 07:00:00,22.772437065861276,501.4758939716688,23.510105205675814,73.10590642414323,45.914208742194695
2026-01-01 07:15:00,6.3935123815999315,1956.5002772590958,29.11807021565745,63.870644683633905,101.58444420637042
2026-01-01 07:30:00,23.22634555704315,1863.2218164341396,20.407083981870418,55.895769470460124,37.73366858636362
2026-01-01 07:45:00,10.115723710618745,2199.491811915035,26.558968663302583,66.36168241588214,89.14623564002538
2026-01-01 08:00:00,6.9515477895583855,2193.94630673303,22.530097210164733,70.06527359781177,74.95054813636706
2026-01-01 08:15:00,33.466566117599996,1399.7770700847295,21.32623574355007,54.54184002567368,146.0807461484152
2026-01-01 08:30:00,33.96896099223678,1784.1773473249189,20.846485217921302,59.4742185533873,95.19381817750532
2026-01-01 08:45:00,29.251920443493834,2100.5783137883705,27.659176534659537,49.266013266793166,58.93089209215463
2026-01-01 09:00:00,14.13841307520112,1929.3653032193406,23.738624601448727,51.34022723371381,25.973409884310673
2026-01-01 09:15:00,7.930163420191516,845.2265831377558,27.972434486816375,68.83912488877439,31.174556022890837
2026-01-01 09:30:00,25.526990795364707,1210.9794435581684,20.718919748788366,51.350342169346945,41.54437019317291
2026-01-01 09:45:00,18.20457481218804,632.4869472726909,23.468193716136714,63.38071842834711,45.13533258764172
2026-01-01 10:00:00,8.661147045343364,2117.2918490657003,25.93440421612871,69.81661916028514,129.0862480977593
2026-01-01 10:15:00,19.855307303338105,1491.114342011584,28.6979548132286,48.740692308316035,88.57119035955348
2026-01-01 10:30:00,6.031655633456552,811.5570499062329,23.506277532252767,64.85592768701163,83.2747275924113
2026-01-01 10:45:00,32.27961206236346,1609.0612319305421,26.8848051408071,53.979697429547734,26.067642061690446
2026-01-01 11:00:00,12.763399448000508,1512.6308328242126,29.745755230598057,78.70244063331529,130.41955706892088
2026-01-01 11:15:00,24.87566853061946,1044.692892459113,26.77449507000535,61.92409763519737,111.19400244918772
2026-01-01 11:30:00,14.351332282682328,604.4036659593322,22.56255422228997,73.20973924213054,19.47357066600022
2026-01-01 11:45:00,20.602040635334326,1608.8317520670394,20.26840859712192,64.25792897546916,109.09691361216761
2026-01-01 12:00:00,21.40130838029839,1336.553861626828,29.57108761291023,46.51943864991867,86.09535042797044
2026-01-01 12:15:00,10.545633665765811,1790.1731051241509,20.23396351935426,67.16029814579079,21.441548404548953
2026-01-01 12:30:00,34.08753883293676,1336.2943020015882,29.621718399526195,78.299116977233,74.1620898140119
2026-01-01 12:45:00,28.253984700833435,1933.9267005733723,25.818308474299332,66.0564137051216,77.85748019820657
2026-01-01 13:00:00,33.18496824692568,1393.432309794074,30.329744683641856,73.67161007993766,33.2084356228586
2026-01-01 13:15:00,31.844820512829465,1409.6883487636953,28.78661559351032,75.94722621719427,142.3977405800395
2026-01-01 13:30:00,22.936999364332554,1977.976484785021,30.97727521586671,52.982792018212635,128.99655200729268
2026-01-01 13:45:00,32.6562270506935,1126.2691591823145,23.85782996996881,52.42156939678793,103.66312722607516
2026-01-01 14:00:00,7.654775061557585,641.2274112111534,28.439071178242394,66.3843346097847,74.72137854008501
2026-01-01 14:15:00,10.879485872574357,451.80881736401017,24.421240049701666,59.38599644323467,67.64717582183118
2026-01-01 14:30:00,6.356818667316142,1759.2470602125143,25.278631823342998,74.39514560033521,101.13628540113358
2026-01-01 14:45:00,14.759909922897931,1516.5571924362364,26.902560095402073,76.5008093189304,86.36046171696677
2026-01-01 15:00:00,16.660318690684463,1667.3435825786025,29.61044825604973,57.369748275595136,18.718234823463987
2026-01-01 15:15:00,13.140470953216877,783.3354907160393,30.824918161192244,53.29046956410687,81.75037082784644
2026-01-01 15:30:00,29.86212527455788,645.4686560561856,28.4510075525097,72.31839303353516,122.89650641259753
2026-01-01 15:45:00,15.702599800807679,426.18039820218746,24.595434603840673,54.618211244184764,74.29358286357413
2026-01-01 16:00:00,13.428035290621423,1031.0576058518745,24.634927025047773,73.79150114797875,17.273920857597577
2026-01-01 16:15:00,21.280882494747456,1461.8518363383396,28.113405317477806,59.8308388777067,120.07894791376464
2026-01-01 16:30:00,9.22772674924288,1106.0392811795182,22.626548603451326,68.36424647520147,38.190929499036415
2026-01-01 16:45:00,29.06590942262119,1187.4548596427123,21.215215244445343,48.34373598421339,46.20691688432543
2026-01-01 17:00:00,7.236519310393125,2027.4856500887472,23.900843734048543,66.83507636368006,33.05888948052143
2026-01-01 17:15:00,34.60660809801552,1026.8598406419405,23.1596289081949,60.81186875580302,56.230109082009655
2026-01-01 17:30:00,28.167343078899723,1325.1810804876595,23.259389325015892,65.5312962111416,115.9452107964089
2026-01-01 17:45:00,10.961470446025173,1810.5754229340575,22.569685261549008,50.88049727107022,82.71402033055122
2026-01-01 18:00:00,5.165663513708072,1113.7770081782865,20.46302508599998,70.79058107304638,38.68337838109976
2026-01-01 18:15:00,29.463842853645026,1519.7560604101723,20.196613282067553,75.197897714013,132.89621094128572
2026-01-01 18:30:00,26.205720315428515,1952.2546757441414,30.864946287096345,52.58589300317715,133.14145969321407
2026-01-01 18:45:00,26.87021504122962,2109.1371225837556,24.705504471094486,48.350009443205664,131.88097950644095
2026-01-01 19:00:00,28.138110400578373,664.7322656722683,24.2275931187565,45.82735051162177,43.4314695934155
2026-01-01 19:15:00,7.221339552022711,2067.85772529069,27.476120109623768,67.46900251551432,73.17350818533833
2026-01-01 19:30:00,15.753971856328178,1285.8093275431688,22.400792766515707,66.24829126310732,147.89855185972252
2026-01-01 19:45:00,8.476071785753891,864.8398989381251,30.44957302345248,64.13440944499246,118.08174668339865
2026-01-01 20:00:00,30.893102776267806,1226.4443612288703,28.649795158571074,53.11814836405914,13.803438971578375
2026-01-01 20:15:00,23.698943804826737,2164.0586355138585,20.983521025434854,58.68170985669301,19.128642776468887
2026-01-01 20:30:00,14.926940745579476,1286.7125691871652,24.59338853363421,65.80667173151606,74.95039275372659
2026-01-01 20:45:00,6.906750508580709,991.7528985175148,29.670301383183812,62.386840060070924,137.29082882061843
2026-01-01 21:00:00,14.329469651469866,1540.1215377701064,30.392052245205512,79.57249320752106,85.41825171337999
2026-01-01 21:15:00,14.75549966080241,832.2621138007476,25.14141662374857,49.77539133948566,79.69375112480063
2026-01-01 21:30:00,26.88818535014192,536.553990595595,26.747525281317785,69.33005939166578,24.766317993928283
2026-01-01 21:45:00,24.126724140656393,631.9834994391686,21.837373407012826,59.15115688365022,101.94921466140117
2026-01-01 22:00:00,31.616382277289794,630.4825101239903,30.90285488750674,59.98698652239652,125.09444248403156
2026-01-01 22:15:00,19.16644775485848,673.4248483221298,22.54838871521788,70.11592179803617,63.258801051058725
2026-01-01 22:30:00,8.58782737814905,649.8889107689382,30.370049515486382,69.23526529635294,118.58565912954585
2026-01-01 22:45:00,26.39734361668985,1553.5745406457863,27.146113138916053,79.69395977957659,145.02673154611364
2026-01-01 23:00:00,27.823551458506923,727.3841519184607,26.685104743667452,49.493800130894385,38.527304277876475
2026-01-01 23:15:00,21.83831592708489,1022.2011099829538,25.639573621181594,48.643837728445824,83.26614836726378
2026-01-01 23:30:00,28.12901539863683,2014.2191378308212,22.537367928895346,70.35185859950595,50.19931413184057
2026-01-01 23:45:00,19.81386789093172,1253.1309524731703,21.94180835206059,65.24354209522431,120.99961866473751
2026-01-02 00:00:00,20.681984881459822,1601.603929337849,22.42534829977193,54.59562332959321,90.86307122336206
2026-01-02 00:15:00,17.826230550756488,710.1757681629338,22.0508208835868,47.77967791461453,98.84153845704253
2026-01-02 00:30:00,5.762573802322856,746.1202338556075,28.575429209234287,47.99803873587507,121.70798234622517
2026-01-02 00:45:00,8.236742809799134,473.56350927966196,23.85137785083403,76.29668061324413,65.43586617274369
2026-01-02 01:00:00,5.942875570602028,704.0831135298962,20.63626944219736,51.715356365156,138.11260957698605
2026-01-02 01:15:00,24.092312337913413,901.4626102575255,30.660128931548925,56.31800467404322,84.6240414144596
2026-01-02 01:30:00,14.4306794322898,718.6188716981443,29.72164473459768,52.93297407794458,32.11367519694872
2026-01-02 01:45:00,20.257120734941083,559.6645607627001,30.205275115147344,57.42487070411781,107.42587654363234
2026-01-02 02:00:00,32.22699421778279,617.1445679810814,30.94398604911079,47.429834496113266,121.05658906135562
2026-01-02 02:15:00,12.478766874466249,1229.4017824589064,21.91284774141436,63.16709268178946,54.34663478945373
2026-01-02 02:30:00,17.31148769106889,771.4006931304266,24.358662207929246,47.366439725727524,130.0050959798254
2026-01-02 02:45:00,27.666534156291462,1055.6857498865359,28.340623232745003,73.01247777378265,136.8600556672073
2026-01-02 03:00:00,11.863944964748674,1306.1510875387423,27.656226798591714,53.179922866865155,48.76662823289325
2026-01-02 03:15:00,7.30939729486379,1642.7106915328575,21.692854969738406,63.90041701115787,147.69300618013108
2026-01-02 03:30:00,13.692543587413041,470.7618517139781,28.974164374896795,75.80276806465105,29.699613926826178
2026-01-02 03:45:00,9.836638617620132,1838.9387180362767,22.468846290203267,67.78070791665179,38.2821935763486
2026-01-02 04:00:00,32.890929570277194,1530.220701083634,22.461993763048852,63.65352252929674,35.791477493323654
2026-01-02 04:15:00,29.243611386932507,547.1662575079695,25.90671865182755,56.351681359038146,135.15855940110185
2026-01-02 04:30:00,24.002112695312704,1972.441523392199,26.522339283258734,56.65506695703693,101.60095732549466
2026-01-02 04:45:00,31.14381770563153,2057.570320957264,26.380948286215922,68.43204343193665,31.2945996511182
2026-01-02 05:00:00,29.110162306973432,509.9403277387547,21.006355211375304,79.79487764274086,71.64527857156887
2026-01-02 05:15:00,10.597101766581076,898.3797666649667,29.652069488934185,68.16437164472825,96.14172350977228
2026-01-02 05:30:00,31.776769954699333,1851.1623036275105,22.921600468475766,64.52241960795087,21.68497189851366
2026-01-02 05:45:00,21.18026725746952,1746.867442690585,21.424664134110845,70.57276785837361,133.53829157702742
2026-01-02 06:00:00,29.223204654921876,732.1378348414792,29.776228878558747,61.28219642993014,122.50449496181493
2026-01-02 06:15:00,31.8827389977048,776.8287820060785,30.512166480527288,47.104981991027486,80.72894830072936
2026-01-02 06:30:00,14.540104249155917,1066.8497850244876,29.483403789919954,64.68038855572684,145.39772613628386
2026-01-02 06:45:00,8.301557735830302,1272.1413733438385,28.90467682197366,78.5168849576883,68.48653709851396
2026-01-02 07:00:00,11.838054876258251,1512.8585887545328,27.207661787029238,51.13560298251809,147.7754446651097
2026-01-02 07:15:00,17.813233658787688,1064.0445512255903,26.059431076700534,69.1501711787233,103.50879983250779
2026-01-02 07:30:00,29.540442977674793,1232.5624890396662,20.956854359025513,52.032679103066975,98.85397825555181
2026-01-02 07:45:00,30.821917497690304,1745.4476886407617,24.492985343777686,63.75396895655784,33.233685341409895
2026-01-02 08:00:00,5.208563915935721,466.02976520307624,24.099573687135454,48.38367573763519,133.46988616265014
2026-01-02 08:15:00,20.32241907732697,854.3864998192373,22.857291621363586,60.76298276903648,69.84855630888612
2026-01-02 08:30:00,17.52233009446337,1684.0292545921943,27.957621250574434,71.46571651133361,32.712676809547105
2026-01-02 08:45:00,11.663234314121908,2011.3723078369587,25.45463308586648,57.16500334836437,11.765052796606266
2026-01-02 09:00:00,8.595961020010485,1321.019395808199,20.891508374984127,68.27191035705263,88.36579570937356
2026-01-02 09:15:00,15.12845514210884,1357.8042734775681,22.422015221447925,72.84074862764052,83.83594709717468
2026-01-02 09:30:00,33.287291117375574,592.909620411597,27.515846400255555,77.45122368178085,110.7095071316822
2026-01-02 09:45:00,14.696087960622657,1205.3422602822184,20.8374394543933,53.21247286494088,134.63612742249228
2026-01-02 10:00:00,20.563718652300985,1358.7110796190418,29.363276054536456,58.97605705332579,21.116921850024134
2026-01-02 10:15:00,26.090568766855334,836.4469065425134,25.446611797153718,50.33456046656461,112.40950864765072
2026-01-02 10:30:00,15.908888071378819,884.6378157088857,25.28645235059313,79.73692257554313,36.23767217366151
2026-01-02 10:45:00,34.15346248162882,1079.1114935883206,26.516485631254692,77.44503387735034,130.14478744200295
2026-01-02 11:00:00,33.87341884826334,436.12815599990745,29.07149062517664,63.898499559819584,124.66889194063185
2026-01-02 11:15:00,12.553468874760924,979.7424980497209,23.825901286924122,74.47116530317474,85.71112569797621
2026-01-02 11:30:00,19.91745517677156,780.6064125937803,27.4581776781497,63.233529204521474,109.43399180726361
2026-01-02 11:45:00,14.02634929450309,989.4952339202464,26.223051603953703,66.82549908009659,54.009015845724775
2026-01-02 12:00:00,13.545214831324028,615.5718372746521,22.937310971863635,48.11935512406058,75.96350585059405
2026-01-02 12:15:00,6.106608420635984,2002.9491053318109,29.664929849906738,71.43446471738828,125.02916567946603
2026-01-02 12:30:00,23.286930019396905,1468.4664163972875,28.771686237676207,49.46997192723322,74.29712760424995
2026-01-02 12:45:00,20.080370696865845,1622.3841744600813,27.24297018124268,73.9123670588385,60.09175714556185
2026-01-02 13:00:00,6.544362537499681,1820.508229493209,29.356399020036662,72.3709830684635,79.18974261504198
2026-01-02 13:15:00,13.359393927098344,1297.1959580723033,29.540236210557826,69.80606442100418,125.95489534121057
2026-01-02 13:30:00,32.24797657899961,556.4565185573626,27.791992743865382,46.265613318366675,56.92912663192218
2026-01-02 13:45:00,12.186856720009173,1366.791775273386,29.207146612000393,55.6094924580865,34.32662303900413
2026-01-02 14:00:00,9.346846162736693,1456.3140124375825,27.67218607836212,54.2089399468795,109.6819628463093
2026-01-02 14:15:00,19.68358280832689,1741.791053531794,27.481548489363306,57.60477426150317,125.63694977913146
2026-01-02 14:30:00,34.56951362331802,1176.987183213423,26.804725160367028,48.06749613673435,24.089246993294665
2026-01-02 14:45:00,12.261658145345013,629.6445450320148,28.279883035134056,77.7935238060872,43.58237578583226
2026-01-02 15:00:00,25.164066422176358,910.796630437704,21.744656158223812,64.38307842493317,29.876078566539146
2026-01-02 15:15:00,27.848588459861528,1053.5481335175432,29.689578351188214,55.69335087303082,58.71179762150333
2026-01-02 15:30:00,12.12912631977199,1562.651034396882,29.590278805197553,58.89435309759992,73.04913704675778
2026-01-02 15:45:00,26.846490458355788,1427.4009484040414,20.321720113380152,60.652088917669246,114.83568717486291
2026-01-02 16:00:00,16.033493981577596,1040.9741066161232,29.08398425621239,66.02080166762161,101.16066188343437
2026-01-02 16:15:00,23.969174917807383,2175.7274478273634,21.417568542207896,63.04877996937742,96.92999944698036
2026-01-02 16:30:00,24.00589132282684,1490.3946748423969,23.68630739685056,77.1787190625046,59.33249252535162
2026-01-02 16:45:00,21.073240522242756,827.00822512479,28.178590819207685,62.393721901704055,127.8026574318664
2026-01-02 17:00:00,7.7086931016322495,583.2084507167267,21.76835885653139,79.72553051881594,75.98020343574304
2026-01-02 17:15:00,30.05907486767714,675.1464505317977,28.997637265309685,74.79987352107835,147.07469132212162
2026-01-02 17:30:00,14.623401949152075,842.7239110921146,29.15347595753516,52.29786800250675,98.77989936140315
2026-01-02 17:45:00,10.595555311995627,689.2264718672002,25.582145071369197,77.57083251253707,27.677063819030383
2026-01-02 18:00:00,6.2232542466429175,735.8206432923504,20.07024458888517,49.07282392599166,104.66485869056076
2026-01-02 18:15:00,22.726788295647253,913.1713036489248,23.15741946492404,73.61073979719171,55.514562160437855
2026-01-02 18:30:00,25.326930855268472,712.0724715305587,26.786196102133164,58.3218152716803,106.08580753605364
2026-01-02 18:45:00,5.497634867835685,2014.1777643275652,30.793047958301656,75.72910121557743,19.749760742736804
2026-01-02 19:00:00,20.36279174897843,544.4207421909559,26.949948797183353,75.38198415376075,34.48340120463432
2026-01-02 19:15:00,11.794873255938139,1344.1205012264584,22.85783939170576,73.20738900411675,129.80321624681008
2026-01-02 19:30:00,24.355183712283495,1138.7142885813907,26.974062734095725,72.65106527074715,41.805137983292084
2026-01-02 19:45:00,10.230992870149743,2168.2815104354913,25.93983917687441,55.66376986843143,127.18575753401161
2026-01-02 20:00:00,25.728132143073978,601.6700239024942,28.57829934666258,47.832174906793824,49.09865238361746
2026-01-02 20:15:00,16.602060389016124,1116.1400782823348,21.17678702709654,59.10430625678065,100.00346740821907
2026-01-02 20:30:00,33.101899662102035,2145.0467798956643,28.37130692752231,51.073358024527806,107.18108029137635
2026-01-02 20:45:00,9.125628324379797,1957.9128266091645,25.95393236543721,69.32328811158615,81.77166544030742
2026-01-02 21:00:00,15.231990531507755,1870.7297277087039,30.59291204244894,57.113490428822494,52.74349473754238
2026-01-02 21:15:00,8.404205637217672,864.2250886808918,23.76059382642555,79.14635703009702,39.77021269195346
2026-01-02 21:30:00,32.74080854835688,707.5976573021185,26.95884082447343,67.43402270708663,14.646509638739671
2026-01-02 21:45:00,31.32018060142943,1603.5577958639758,30.252309160610192,73.78681972720264,52.552496173701336
2026-01-02 22:00:00,12.73824883145467,2072.8767804296544,21.12760700789747,49.638363545964694,101.44279067437962
2026-01-02 22:15:00,24.79952138102537,1402.1732074250735,30.309513359600963,75.17050687954179,141.36267458278758
2026-01-02 22:30:00,29.516666006036473,1428.9028410458197,27.566742945308945,77.29650166796881,131.96862751682727
2026-01-02 22:45:00,21.65602434798387,903.9623685885115,20.74620765015689,62.04716715866276,117.24906871494237
2026-01-02 23:00:00,20.889517350680194,1785.0872797454865,23.31059923641498,66.2188528212842,120.38262805546182
2026-01-02 23:15:00,12.25556872701355,736.678747403542,27.7898929750981,71.76834303160484,103.09788648663934
2026-01-02 23:30:00,7.793083034176976,982.6226255276387,20.74085661615649,51.119351954114435,46.44016005924042
2026-01-02 23:45:00,31.916472738599804,1165.7855895095502,26.403875061939004,62.58981267622049,137.00730429881617
2026-01-03 00:00:00,32.01254171489991,1313.698681632019,23.804713626482524,58.95320597203096,103.90252366681676
2026-01-03 00:15:00,23.993043718198038,836.3375183471444,26.83007069544225,50.12308972567872,88.46168833726159
2026-01-03 00:30:00,15.170893731461021,606.7062845305663,20.50316237193764,57.8637047802036,25.53852568988735
2026-01-03 00:45:00,15.476287238379827,1499.1160763949388,29.58690486767614,47.386030828492274,72.58777613289956
2026-01-03 01:00:00,26.778670366107182,919.5349958324604,30.708378660951368,45.90341674323204,74.45015796826968
2026-01-03 01:15:00,31.913307798577314,1446.228798560702,30.657656408142607,49.7308201204188,131.0389053331738
2026-01-03 01:30:00,31.61259272795352,677.8528874935641,28.246170149172173,78.70902890562108,86.53075082629039
2026-01-03 01:45:00,28.396266375728715,1266.0521833386715,21.430948641436952,64.23353375632558,63.25607685585735
2026-01-03 02:00:00,24.26094938462863,1358.6609785928545,28.34089515521925,78.8037756403627,146.7520459914923
2026-01-03 02:15:00,7.524198949851465,493.2823662803684,20.270456081046817,60.13742574155462,25.500883065684192
2026-01-03 02:30:00,9.848861422838413,1005.887700749057,20.243359066818968,55.91356465798408,69.15677996367225
2026-01-03 02:45:00,31.956625655812378,641.9464184901536,23.559712410644956,62.71496519940854,15.88345452399674
2026-01-03 03:00:00,23.1928717897877,514.074946850982,25.375075094451322,60.38290910215186,113.58657690737024
2026-01-03 03:15:00,5.27591154849889,2181.9284183019017,28.474481595885727,48.69826394916104,138.53071730788108
2026-01-03 03:30:00,8.044146285980963,980.2369209545013,27.51624914267156,67.42892101415723,49.20522613706852
2026-01-03 03:45:00,24.905053073241675,1857.7740025383428,24.904929770144232,52.561336387835986,130.1678347518769
2026-01-03 04:00:00,5.15184751538656,858.3531785747749,23.009893329098325,66.68557842142404,50.91055226466569
2026-01-03 04:15:00,9.824241542524959,1626.7049000030727,30.968369501734824,67.75703823393536,137.50782263014813
2026-01-03 04:30:00,21.462013680997583,1768.4101478014359,24.687994324595703,50.320869859502686,115.55466650354975
2026-01-03 04:45:00,25.756855930780798,1472.1497330941197,24.96525726762643,47.147236948873385,122.6869487578014
2026-01-03 05:00:00,24.558837785078016,1248.837139390285,21.79986203310836,72.32665551239539,12.52091778406363
2026-01-03 05:15:00,11.728079283816793,1141.3136454650835,28.742905036249223,61.093014831926205,144.79344999036363
2026-01-03 05:30:00,26.365376640426074,1027.9628797773917,27.630504483596376,47.03573284269165,111.73393888984526
2026-01-03 05:45:00,12.117472624904002,2073.1524596460868,22.428465740676366,79.82032110094184,52.66515335405867
2026-01-03 06:00:00,14.76199094477803,1895.1149340179124,20.90619150177427,47.02231963487283,126.11525308023857
2026-01-03 06:15:00,27.394742153540726,2137.0484391997225,27.485492322821845,69.32623301004936,49.41296777809019
2026-01-03 06:30:00,24.48898697141644,623.7350022739805,27.199623357092488,79.42876238421948,132.1855375392579
2026-01-03 06:45:00,30.47670231482534,1715.5614553665596,23.0058547969803,53.3713036475574,25.76125465767118
2026-01-03 07:00:00,24.7283867690103,2089.012822277868,30.459499184754513,49.978727904051865,108.5160368445114
2026-01-03 07:15:00,22.049258100064147,726.2195190981882,21.661636809589904,49.24847287978501,85.69778673028745
2026-01-03 07:30:00,7.810243034842774,519.6932812601995,24.75568281146862,55.614630164865844,23.51482582736171
2026-01-03 07:45:00,16.031474091783004,1734.0171687221064,30.379775121843586,48.536603385372636,43.86513595623746
2026-01-03 08:00:00,12.956071030451763,1434.0516037238415,24.617000486187344,69.22564695929462,11.736565078824071
2026-01-03 08:15:00,12.319689301372508,1915.2917981648898,27.02378542430494,47.180212934552195,75.62751516503081
2026-01-03 08:30:00,34.190316642573364,651.590277927321,24.373538377590737,62.82977448524264,52.17713650640005
2026-01-03 08:45:00,16.792931740002814,1831.4811613478023,23.01636722583537,79.88438988485419,93.77004780168623
2026-01-03 09:00:00,31.761396655313398,762.9291760859401,30.82375412755811,73.48895943271066,51.61329307920641
2026-01-03 09:15:00,23.934158779917887,694.5806971582681,24.502674069465474,66.53268033808538,51.98867561097786
2026-01-03 09:30:00,28.844339106249453,695.6784362757874,29.83509124047048,55.71887672753141,114.04704782242447
2026-01-03 09:45:00,20.079112793155765,1866.234496416488,22.529500664801947,66.83635427020735,16.739997036969484
2026-01-03 10:00:00,22.307116538790773,1597.3549972531603,22.344151744275916,63.446451236907805,136.4052993268782
2026-01-03 10:15:00,19.77553081456592,1341.5177645844146,20.342474911729624,59.912918436163004,129.3169424147654
2026-01-03 10:30:00,10.857289633941335,1045.8948714223045,27.168335079134735,49.574863185906985,103.49265565169691
2026-01-03 10:45:00,26.67356345784516,1978.9609734635949,24.053789780961374,76.03114753341633,93.0510198150338
2026-01-03 11:00:00,13.423170873225674,1106.4011933607437,29.50794074823601,60.74246270874629,134.9223497395513
2026-01-03 11:15:00,5.729478992943616,1869.8789910488388,25.205308973607128,51.811787913726775,35.946225134020025
2026-01-03 11:30:00,24.364168877215036,1190.4428354263932,30.65012770706194,57.87157728070514,21.055682706716006
2026-01-03 11:45:00,10.313320382211469,1078.4999729648337,22.040780672734332,59.49454133851245,43.531423787335335
2026-01-03 12:00:00,33.21375753058743,1232.8236142052915,29.55485484751172,73.9638263448406,121.24095901802664
2026-01-03 12:15:00,33.617857310077625,942.4801734954557,28.54256538070916,70.67650331964907,14.853837341707665
2026-01-03 12:30:00,32.44593170661346,1745.696884317252,28.480140291084574,71.9256712774469,91.59295691168855
2026-01-03 12:45:00,16.10476100766333,1304.8967021664625,29.292615509285763,45.386094255002654,149.3612522667834
2026-01-03 13:00:00,5.463698495866023,817.9828512642712,28.371263900372988,59.56538993629165,129.7974531372555
2026-01-03 13:15:00,32.84955687763176,2019.2342318942233,26.88842353794557,61.84704530723633,83.00239646610252
2026-01-03 13:30:00,17.84552444951943,1091.0041984717805,21.443693654506262,45.671729688806984,18.90972730012993
2026-01-03 13:45:00,33.999644571310085,1378.3951500051794,20.35778797440377,54.0934623060762,126.39229201399938
2026-01-03 14:00:00,33.90859931267758,2031.6497997361846,30.129326325972556,71.61014380927472,93.85699114480947
2026-01-03 14:15:00,30.590283664020802,1523.6283926451858,26.78315345972812,49.79883970051497,26.090619588339358
2026-01-03 14:30:00,13.833466762087571,610.4164732750553,28.76191020073794,63.73585460084071,23.140019875269868
2026-01-03 14:45:00,16.552931858057757,2091.6978225042553,25.29674586663805,52.53206552060331,137.34775472112295
2026-01-03 15:00:00,30.534100145505708,1529.8744955285522,21.290390078586338,45.424227112536265,103.68803681133099
2026-01-03 15:15:00,14.50766015468833,1002.830106382755,21.377043714228055,53.44205101598395,126.10015190434578
2026-01-03 15:30:00,10.084782400582775,650.689730794097,27.541218159518685,79.15558142185188,133.05704603951745
2026-01-03 15:45:00,21.704037873750504,1829.2453406865327,24.73336484389409,73.05379891590464,90.04812928676512
2026-01-03 16:00:00,33.08464322482343,1516.1309606713244,22.205771993703703,78.58518255123616,82.44248924570577
2026-01-03 16:15:00,25.88089390024919,1360.2299655573788,25.407540014155806,62.07489153742269,70.25983744493863
2026-01-03 16:30:00,22.101835102680948,2009.0066494917237,20.706298307826476,48.840766953712624,54.3725222907567
2026-01-03 16:45:00,7.915294813123056,1819.4749802041554,26.40168542105839,64.17858211407926,70.84343452021965
2026-01-03 17:00:00,23.45021680097509,673.0147835189521,22.958927448786074,60.903206709598635,118.3431518022219
2026-01-03 17:15:00,34.7016155031279,961.0997220319869,28.77315010700907,74.55249789588656,94.26928034211842
2026-01-03 17:30:00,9.202520457095721,847.2804516660383,23.413981548159313,48.43289032744856,134.95326059367846
2026-01-03 17:45:00,20.5498895709121,1739.1033266308186,25.007421639899814,62.08843979576224,72.07320201308627
2026-01-03 18:00:00,31.321192157838663,460.3583825244029,20.12782593898911,50.251703264289446,94.99254102062557
2026-01-03 18:15:00,27.223058532626133,1425.8014327683698,20.79691576574015,56.3636574411521,98.38305743287842
2026-01-03 18:30:00,25.91047222985804,1772.425634333243,24.317429120473534,70.80749770857298,92.83760272288558
2026-01-03 18:45:00,26.07452251961328,1978.178146171149,25.27932718188836,61.66063452790683,108.36872823197228
2026-01-03 19:00:00,15.784734536592655,1015.7471476886334,26.600226029312342,58.156089980101925,43.24068557247288
2026-01-03 19:15:00,13.807755327934801,1878.2631484096232,23.208288365802336,58.80666974995124,81.73092885641069
2026-01-03 19:30:00,29.28083466435541,599.1371265193729,27.64480074739197,61.08063689420953,24.591472393168672
2026-01-03 19:45:00,29.30340184037542,1923.6141251221327,29.461346369081248,72.475579034297,63.831585870273756
2026-01-03 20:00:00,31.012169557403112,629.4795921975683,28.578360877826846,76.2229641129082,78.27338960697702
2026-01-03 20:15:00,32.397216576694134,1115.117123008661,20.435807078831928,78.43671402763749,101.31139633636614
2026-01-03 20:30:00,20.340271965828133,1835.1316584031965,25.28557641983612,72.54161851893534,143.0743473620685
2026-01-03 20:45:00,20.045488840615988,669.8513692277928,21.154231962599923,56.03924135118044,94.09114931676982
2026-01-03 21:00:00,28.948855369003255,812.6525114187547,22.662495174487802,69.08471471302897,114.10314826471837
2026-01-03 21:15:00,24.498917923332954,1700.0546231075193,30.85328852593861,60.31610934193871,80.87724832932838
2026-01-03 21:30:00,26.0590063177311,1696.0657657829338,21.567450971916646,53.91347177161179,98.77456439268639
2026-01-03 21:45:00,28.87378008308303,1554.0657391935351,25.487769687964917,74.4305052799073,19.93051025872828
2026-01-03 22:00:00,31.70016025452699,1649.10720004078,26.79971307749931,46.34492221368137,45.61482131785858
2026-01-03 22:15:00,15.139854705546075,1376.903998025673,27.727114675985142,76.56166972473983,60.65943304871942
2026-01-03 22:30:00,16.26748857919832,853.238306032515,26.156135518356056,61.1517112618657,76.1490697009119
2026-01-03 22:45:00,7.81945819522607,1022.252788307055,20.10747932161102,67.30205168828982,16.390824370333725
2026-01-03 23:00:00,22.34840422988522,726.8758902425661,23.59107439068391,68.07738727720239,29.603373657464477
2026-01-03 23:15:00,6.078268213902263,2035.211010400531,25.694828077231826,76.32912092472877,48.75400309078281
2026-01-03 23:30:00,18.967940543973803,1450.1052305790167,20.966531490593166,67.28343887585226,146.01457672614708
2026-01-03 23:45:00,21.2793390412273,1121.532550174552,23.856896243300987,66.48767546660216,56.38858099442711
2026-01-04 00:00:00,13.596237563848533,1231.610446559439,20.365234196705032,47.332821419624146,77.48574813569155
2026-01-04 00:15:00,22.724997817070324,2105.1100113012676,20.86436346870523,63.14428076808214,37.45367978337501
2026-01-04 00:30:00,5.915007498171483,676.0325256089443,24.366156038217557,50.255915028596455,95.50920995060756
2026-01-04 00:45:00,6.120445662476433,1455.213697630235,21.459873294473663,70.810181905252,49.2956501722364
2026-01-04 01:00:00,29.678016819789747,1310.599621992039,26.24294933087714,62.92776722844361,38.97896098137975
2026-01-04 01:15:00,15.805719242337886,1500.617623782366,27.584114660509922,68.80797227229237,82.32016798243707
2026-01-04 01:30:00,8.811815379556544,432.5983308775129,28.80645369019991,46.45855152108345,10.770811882458915
2026-01-04 01:45:00,20.667297801644132,1969.8230360994726,22.20165268669291,47.967720561603116,11.072964570891546
2026-01-04 02:00:00,28.099806592958323,2077.8129084705024,21.842308404849767,70.07131858219388,40.66963327426009
2026-01-04 02:15:00,11.474630824905296,1417.239730460576,21.150246243678403,47.52295175995357,15.140990750114959
2026-01-04 02:30:00,23.686714274570008,1653.9714829784061,27.000732744980006,47.49398547178405,25.123605578296793
2026-01-04 02:45:00,7.56042394981304,2060.4988861191323,27.771232991355912,45.42379663322106,57.44049090742522
2026-01-04 03:00:00,6.550451635058231,1673.0295417641175,20.347447593082062,78.4775489404818,122.36199514117381
2026-01-04 03:15:00,20.94063894704444,674.5702772456705,30.29833470868059,70.81279258106524,90.08681007170212
2026-01-04 03:30:00,21.219053648303195,1437.3190483002636,20.571684120166196,57.36379929757224,81.7734816338983
2026-01-04 03:45:00,24.122897044946196,1492.0870834891407,25.954259688311776,55.378745345067934,51.08843524913703
2026-01-04 04:00:00,26.782740011679845,1163.4352083442948,27.79966571396008,57.23961304110473,140.4455207205943
2026-01-04 04:15:00,34.275562383876036,1725.5996241245011,29.58066036120694,72.11287359134137,65.58210577320683
2026-01-04 04:30:00,20.48901044903586,2081.860626584227,27.854956253456706,68.14797138746451,22.192987351408007
2026-01-04 04:45:00,14.68869418823738,2066.023323232197,28.81900891376771,51.481844875361375,96.38931225649218
2026-01-04 05:00:00,28.85558584306111,1211.5108685274377,23.733952117970865,51.093826736692954,25.937375086724195
2026-01-04 05:15:00,13.124967537862226,603.8284825133594,28.963076251211632,48.44384773996891,58.33123999223689
2026-01-04 05:30:00,18.169142621169083,2172.714158132202,20.881263310231425,68.11059518954684,81.03767142049324
2026-01-04 05:45:00,7.353691440267979,1910.0165556026814,29.842983216665804,71.75304317776076,132.3911534559246
2026-01-04 06:00:00,5.760522302463725,624.3928261658803,26.023516137691097,54.276624991375144,79.09652124761661
2026-01-04 06:15:00,33.87945244033775,2057.51538871127,28.99027546958743,45.73307363608195,108.316227244433
2026-01-04 06:30:00,30.079403615366175,1965.8134517118308,24.9755011297013,47.876008361674955,148.99435745986986
2026-01-04 06:45:00,25.87922618281094,1333.9085028269299,27.079354647161775,78.87510121957607,28.408476785717426
2026-01-04 07:00:00,17.268588332428095,1464.2957843408726,25.790429270297246,55.34056721170971,48.46241357273273
2026-01-04 07:15:00,10.198829602125373,1118.2048669662345,28.04748473930865,71.92281017433467,65.24065058367049
2026-01-04 07:30:00,9.69311128013258,498.5709498796564,20.897929802336485,66.86322490989923,69.05594499543639
2026-01-04 07:45:00,12.50728694493786,1003.3550349626216,20.6638729238962,58.367887387851354,67.54295053717641
2026-01-04 08:00:00,21.476799941183614,1845.1362074764206,22.71813557411161,52.19905417684443,137.06554035791768
2026-01-04 08:15:00,26.43787768100187,408.33764140828515,21.75499148124507,49.24852463557922,109.9645702253599
2026-01-04 08:30:00,24.80592130153194,1000.2985090440595,29.589619232514217,66.52545388136033,95.10672997269853
2026-01-04 08:45:00,13.398016908378285,1116.7036484636978,22.411353860938487,72.11218232232258,53.312180500789495
2026-01-04 09:00:00,33.64595841989582,1367.3120852882612,30.734517814010445,67.53664887393957,125.33065379098126
2026-01-04 09:15:00,27.136907500873054,2055.7401095429686,23.705853709482177,63.560574663720544,143.70847160789845
2026-01-04 09:30:00,21.63062157534202,1023.4227898587302,22.00329707257569,46.468292820107266,124.96775955703171
2026-01-04 09:45:00,23.351622387030567,1024.5157634132097,28.68668357856727,78.89710721580343,10.219114726806207
2026-01-04 10:00:00,17.588001872833697,1727.5022465975471,27.245785530509636,72.95499670791011,99.09619182567698
2026-01-04 10:15:00,12.431929685034724,1213.9922936016528,25.480152880984527,55.24877128453377,17.158953401894102
2026-01-04 10:30:00,15.679180359537847,804.2886812919676,26.108999060313945,79.29896152755978,46.06501084672106
2026-01-04 10:45:00,27.735383313931074,1214.3911290388482,27.9112195609949,66.06585563727127,18.333458048688037
2026-01-04 11:00:00,5.431804658892676,653.5426366836398,22.513002154644287,65.38479303725363,94.53136341291429
2026-01-04 11:15:00,8.482179215207488,717.496575711202,30.959673076624163,71.18256128003362,106.12258788896494
2026-01-04 11:30:00,6.3800792606525825,1297.0619909310635,30.722724783614616,73.41194258315481,26.028269329226717
2026-01-04 11:45:00,6.221864069569104,1154.0658091081864,27.153582549816306,67.9767512566026,63.73744362629713
2026-01-04 12:00:00,30.663817520330216,2046.7226219225802,22.194966960220597,49.483351122817,73.87311125377587
2026-01-04 12:15:00,26.109735781400712,1052.3090184099397,27.482510666744204,56.839362709807446,61.66742304652832
2026-01-04 12:30:00,19.225214872619755,1445.0590305004782,20.794182498770933,77.48292741141174,26.943500067927026
2026-01-04 12:45:00,7.935024819530044,1538.0757182551547,20.33717752426387,52.861546414534814,68.65269062624657
2026-01-04 13:00:00,19.74847625350497,423.5700218590005,22.83451177362335,58.02584583431297,115.16492669317854
2026-01-04 13:15:00,19.204153123416972,1594.3672696300791,25.088852524132477,60.12269090304686,19.941073034655766
2026-01-04 13:30:00,10.196056097300456,720.4647403655526,29.55099755949219,60.37917463930583,21.225201971466483
2026-01-04 13:45:00,18.01554947713919,2129.9265714450194,27.998859767429387,66.45288538730838,59.66798085703779
2026-01-04 14:00:00,16.955142031921206,667.5929099556033,28.16977173319979,78.00765432106476,141.8415996266495
2026-01-04 14:15:00,23.475502941566493,1146.3234227086427,24.68042667892883,53.424244914137674,103.60017054120797
2026-01-04 14:30:00,24.052809526029314,553.6294025415589,23.805284918016593,49.25254817053213,105.01379393415907
2026-01-04 14:45:00,6.359120293161336,2194.373653322705,24.08142639283063,51.9114671450978,60.668798717301094
2026-01-04 15:00:00,16.238378438794136,1303.9510185962367,30.864145201096637,76.04237150732443,93.11251076919538
2026-01-04 15:15:00,23.77579747142709,1471.6930311760789,20.441201105537306,67.60337844293221,11.418365763884072
2026-01-04 15:30:00,20.094087757402633,520.7376592991694,29.537346457346935,55.006737623370604,99.05344649733591
2026-01-04 15:45:00,30.694695235649668,1749.92884671852,26.36542949429633,73.55814286390161,137.86017266067313
2026-01-04 16:00:00,24.76080894856835,777.8300675720543,24.824769611085493,75.14794987272026,95.76028556827468
2026-01-04 16:15:00,9.88803281244289,2016.4977209932847,27.977834264566503,74.62800185415973,132.3178030852883
2026-01-04 16:30:00,7.1170624220128955,769.2513528676129,25.35335835567173,77.16242867738441,111.35622776525314
2026-01-04 16:45:00,24.27257834618947,743.2378971945998,29.607655618898264,53.82843570606765,26.878178296516634
2026-01-04 17:00:00,5.795339316248654,465.7894021265708,29.907720504123844,71.42646750611974,136.34346302001785
2026-01-04 17:15:00,22.5732674382039,1249.7205011979986,24.638930195608012,61.1188824045949,19.302138209808483
2026-01-04 17:30:00,33.20690724274873,1416.7140398727097,23.045105769585568,74.46994935115215,84.75544615668693
2026-01-04 17:45:00,22.26422533627637,518.2755509710342,26.515853614526986,70.49717370065646,29.899197331084075
2026-01-04 18:00:00,16.645097786195656,1795.949710051019,30.0359968017836,72.17566062749036,11.638925502326568
2026-01-04 18:15:00,24.298646553270594,1215.9199025464497,22.317284079062333,67.9656643188375,69.08479641786946
2026-01-04 18:30:00,18.7475867147455,1343.902484789644,26.85263241919831,51.21000693143974,51.30569907158188
2026-01-04 18:45:00,21.36850367947805,1193.3729444888106,26.947162421017726,64.07594216139285,78.04006913166442
2026-01-04 19:00:00,33.24394426329576,1121.373509575587,28.06424324656809,79.46344088335778,90.80798414283711
2026-01-04 19:15:00,16.58307913402323,1407.3525963547922,21.447244536399857,77.80858232739917,16.12347012325263
2026-01-04 19:30:00,33.83571691471742,679.4324426752826,27.874074611502973,46.51108075289541,27.22046131732439
2026-01-04 19:45:00,32.160519258681916,727.4706348914881,29.99935772732205,50.7685185505303,88.20993550305955
2026-01-04 20:00:00,10.873734043678894,1951.2141178243312,21.976514197572662,49.61050707090967,58.043429444172155
2026-01-04 20:15:00,7.080839026254964,2103.007831840539,22.612976574162655,70.40929684948534,112.08428825692272
2026-01-04 20:30:00,8.0233400413228,1071.9567693035553,30.685346034458036,73.62248654499308,101.32083080287155
2026-01-04 20:45:00,5.546654769546492,887.3404116583968,21.990746479804386,52.47289782087352,128.38461081858696
2026-01-04 21:00:00,7.833288822677852,1559.1991778302283,29.398236027065373,62.704844253314015,106.94899573369155
2026-01-04 21:15:00,25.490203202490704,1135.7215079765735,25.415056420928384,74.424605980392,70.19035083462074
2026-01-04 21:30:00,7.13565945380687,445.69544018862075,22.719541818434948,70.64805406681877,104.21532713522053
2026-01-04 21:45:00,14.56926890881284,681.0746752591426,29.578248913997626,63.97830219221469,48.55336439575859
2026-01-04 22:00:00,30.346259329083637,1688.7500119253154,24.89835780502932,65.66216916605705,52.883889828949776
2026-01-04 22:15:00,5.698158072074776,1586.0630954382725,25.662990893226592,62.792619142069796,120.45792238891107
2026-01-04 22:30:00,29.434054477668074,448.7727865062703,23.951567063397423,55.41419579615872,72.4987322962215
2026-01-04 22:45:00,13.455643243201997,799.549891479309,26.5224593657842,64.77576975006556,121.77324767256935
2026-01-04 23:00:00,8.544944828649687,815.9346338585285,21.79876259843525,69.11098557175318,125.13913231355897
2026-01-04 23:15:00,25.902114960924518,1609.406938477711,24.301896903169368,75.56630205512826,130.05872727257974
2026-01-04 23:30:00,23.86828540339652,435.4789679578555,30.663535545688163,67.27019738927368,138.32893301776903
2026-01-04 23:45:00,31.32416040581159,587.3954475722329,22.839467759712402,71.63925379651053,70.33793087186147
2026-01-05 00:00:00,27.052131314116572,1839.848953671741,27.224103309954216,50.60250722341006,54.641354564959435
2026-01-05 00:15:00,29.104427911545457,721.3803916978005,23.577090706471644,61.154511604692644,91.50782452317594
2026-01-05 00:30:00,13.461037177139195,1574.9429941333744,28.508204382552606,45.326606693948264,61.96413928126786
2026-01-05 00:45:00,10.323186313391684,828.7290058841077,21.43961026790185,53.63376025825681,94.15038335203262
2026-01-05 01:00:00,27.51844254922575,578.9945069668213,30.668031495863993,70.42616002895517,108.78202077013545
2026-01-05 01:15:00,29.20504217801792,837.7099437990173,24.99168495522003,79.71334829722772,106.37670258889916
2026-01-05 01:30:00,34.7151542600202,1700.0804773401865,22.5965550968111,48.47123348555256,62.43740418281699
2026-01-05 01:45:00,17.378530307342793,1940.2536425913142,20.80846422063014,59.05230105514509,33.360428237825396
2026-01-05 02:00:00,16.160542573783495,1894.3957562205849,21.867336955962948,73.00248390447058,70.27410738470905
2026-01-05 02:15:00,28.292388822259905,1114.9303533132188,25.717513434116192,52.14124721201146,29.963180171467222
2026-01-05 02:30:00,15.224106207590536,1602.5532458271632,23.70703494074415,64.42797322558002,134.61358492573316
2026-01-05 02:45:00,32.922719768106944,768.9717317484777,29.117717024708703,70.65749536103861,58.42284450330004
2026-01-05 03:00:00,30.752382555290353,927.6659144698239,24.739762760279866,66.55949075910627,31.624364611265328
2026-01-05 03:15:00,17.86982082125055,2013.4044733380156,22.73585699846393,51.580865711539566,13.562686386805122
2026-01-05 03:30:00,27.526132033744922,423.4034623193249,26.78859485264433,57.43845990400088,100.41513408010779
2026-01-05 03:45:00,27.63628622254047,553.9153555380426,27.774549385739903,72.4327124569889,99.16632444366405
2026-01-05 04:00:00,8.093716065077977,774.1952592628492,21.83746098691045,64.39792799462057,57.684583321380835
2026-01-05 04:15:00,32.076587200386996,447.75796697287547,21.843811379171495,45.183036474001945,20.03966443867114
2026-01-05 04:30:00,20.157571173435713,726.5837831616352,20.403385696268973,71.63467660098328,67.34804528533249
2026-01-05 04:45:00,29.793723983232248,1449.474809745446,28.100422165722044,46.235897422908366,53.5704493088751
2026-01-05 05:00:00,14.601488030918352,1158.5641910664963,27.301849803839858,71.10068239559313,104.79688956290131
2026-01-05 05:15:00,31.865696854886014,2006.8090799385548,25.22093963324795,52.08681960578331,94.80909492337665
2026-01-05 05:30:00,16.676050362024895,1871.3984111291936,29.285874938661166,78.5325718041783,61.0431219476556
2026-01-05 05:45:00,5.32512954440895,1015.2712330561767,28.862371682450586,57.877926295572955,40.50495759569861
2026-01-05 06:00:00,32.16145929257791,866.9621801763265,26.438898008364273,56.44260657183277,148.32503526178286
2026-01-05 06:15:00,7.738600303584007,1083.4463347010806,29.550984085645844,50.21108176163556,73.56022696745609
2026-01-05 06:30:00,14.579409127712445,1462.530896526654,22.26425331040445,55.69614754215752,106.35839300923318
2026-01-05 06:45:00,33.50185901152415,882.5145534811772,21.231115813375006,75.68277666398703,29.677415460970508
2026-01-05 07:00:00,33.51821440812668,1523.4680341284413,22.967245726686887,79.87170181695365,77.98255795231569
2026-01-05 07:15:00,22.203136643698585,1136.9409739442326,20.627955416982463,57.89083356773969,13.855140781725169
2026-01-05 07:30:00,23.95511636509398,1393.6849255335644,25.842864808011353,60.70137208340899,80.76371650746299
2026-01-05 07:45:00,18.453365659349593,1185.02775244357,30.30266261524458,70.2724828370958,144.96243699647832
2026-01-05 08:00:00,13.796323150941936,930.0383671754518,20.432778947353604,76.0168523162776,63.78893981801203
2026-01-05 08:15:00,14.859936361097478,2107.215952531882,21.343209054110297,65.75655169653744,15.459441760487621
2026-01-05 08:30:00,25.175553682311154,1774.4904294875694,24.97418931111779,58.703399436224025,14.333810728708094
2026-01-05 08:45:00,27.5712358831304,652.2037163796145,30.272625192806956,59.441764429701834,64.31814639256173
2026-01-05 09:00:00,28.747371311775456,1963.2423566162431,23.477717154744255,69.34663512738824,32.40349110484716
2026-01-05 09:15:00,28.688544283836617,1277.3761568491245,25.579582895572315,45.11263922614975,13.269293485946028
2026-01-05 09:30:00,7.7361830914607115,2010.1940084093646,20.457301449554315,66.68562681109442,115.86990595302476
2026-01-05 09:45:00,19.832609141077445,1839.7394607051674,21.631775210582976,57.44225536544751,74.19322124346469
2026-01-05 10:00:00,6.726762800499328,1165.3843080446202,30.852931352547316,72.79690659469794,50.494268076171636
2026-01-05 10:15:00,21.485866469712064,440.4447549762113,30.6163056607965,48.25467239380963,136.0116456223073
2026-01-05 10:30:00,18.24591504120131,883.619246892903,20.054339790278505,65.58707934319366,26.259454428073585
2026-01-05 10:45:00,31.631125482748992,1374.9415863895606,30.46992963965563,61.83405114601433,143.8286360537447
2026-01-05 11:00:00,15.52745037656236,1540.2607956870652,27.0303193159705,67.48139340668295,53.955340432829395
2026-01-05 11:15:00,8.512010492828175,864.1978337797641,29.54710123972024,47.26987580690389,134.37651412321537
2026-01-05 11:30:00,9.289750461585076,650.8409333310834,25.00213841197245,65.2994325599846,94.41200270712461
2026-01-05 11:45:00,27.845318951524167,1902.8744262387384,25.671556314371752,64.65196057858333,125.73903036380824
2026-01-05 12:00:00,23.54654189948783,2171.923925266394,25.377312382826123,64.62310330456599,147.761842849465
2026-01-05 12:15:00,8.033680283683708,1346.2423281448346,27.33550683300715,66.12206833087592,50.3767612946244
2026-01-05 12:30:00,7.5232041834499235,709.0227145269463,21.536163802319443,68.67637780292267,144.558967957063
2026-01-05 12:45:00,26.0290739437736,890.1531877348641,20.32970948859946,73.17461498882695,64.52746528633885
2026-01-05 13:00:00,7.182890190925805,433.1032177854401,23.3872293575031,54.4437252044875,63.971666663169124
2026-01-05 13:15:00,29.655801778710686,2045.7378518088983,27.751488390103113,73.87672935630218,57.6541945956308
2026-01-05 13:30:00,26.187266814694887,611.951949202254,22.22038797335243,62.438948879220874,85.79706502866193
2026-01-05 13:45:00,7.440463419256993,1437.7296559256565,27.40775676657409,47.69703976970159,31.580306044988195
2026-01-05 14:00:00,7.545131422555757,893.2993972369708,30.669032507179974,47.049282523539276,87.51960795012157
2026-01-05 14:15:00,34.59918735503526,1397.5204045284281,21.0329078736836,56.698341154362126,85.83867373740055
2026-01-05 14:30:00,16.22812387268361,1572.5566990333557,27.398623300476387,72.47139419890136,116.6662537646818
2026-01-05 14:45:00,16.11926441200673,1893.535246672963,24.881252412350282,69.76883271593205,126.71099467126197
2026-01-05 15:00:00,29.383987017725076,771.5582891690858,29.54956479815256,72.60152376353423,71.66178904373936
2026-01-05 15:15:00,33.41745732151576,419.7924915852649,21.948647683921244,63.10441697545633,52.326654909209125
2026-01-05 15:30:00,34.58003191468613,646.3941341238531,27.61888547448781,60.40696492844217,46.306885624393225
2026-01-05 15:45:00,27.601345557768248,2020.033555326589,29.219268186129213,50.160838434719935,37.24733713868207
2026-01-05 16:00:00,16.287787565927474,1973.0021396125273,30.390756414214255,56.486746376325904,18.070661507863484
2026-01-05 16:15:00,7.505021500960063,1475.3435839065548,27.515728311186102,60.19067781608563,57.94271703685987
2026-01-05 16:30:00,28.314407477823103,1480.930348780576,25.4689224040927,48.101015038786606,47.83467689830965
2026-01-05 16:45:00,21.752127492074152,1597.0660141832598,26.79631964221335,52.72141834489239,145.29843402129703
2026-01-05 17:00:00,17.726660277409287,715.6683015222093,29.557954829265903,65.93788529223086,88.07923567500615
2026-01-05 17:15:00,32.19063155284208,2045.9415026649276,26.276707213027127,70.74820899837164,58.618785464271056
2026-01-05 17:30:00,8.33592446918454,1153.7869448057318,20.334257656665205,79.94216289875324,91.26546413911744
2026-01-05 17:45:00,19.778753128725775,1089.6493508490953,30.240435650576757,77.65896659702452,29.48753818839737
2026-01-05 18:00:00,5.340609343022572,1334.0518695091075,27.584794261347174,67.4897819837317,72.16612488830842
2026-01-05 18:15:00,19.05981925982379,484.5387401950991,27.44164724354971,59.74368186529252,97.67280499894893
2026-01-05 18:30:00,6.689098270455121,699.310063760943,22.37242667637489,67.26620776478815,78.44569645094319
2026-01-05 18:45:00,8.564537488042157,1728.4605095674667,27.24774017255923,72.49780663280812,66.24903209160539
2026-01-05 19:00:00,8.525787403313146,549.0376022652276,24.332508462195744,49.141766682318554,149.13877444595775
2026-01-05 19:15:00,24.476309063481906,1485.6737970394988,27.163562747456414,59.34667113937009,133.24406670084977
2026-01-05 19:30:00,27.3813463779627,841.6283974263777,21.172523333387897,74.3930799972466,97.27683414232162
2026-01-05 19:45:00,22.50106295291479,1100.7321052755578,27.236298350633398,58.43415331765654,89.71283056551958
2026-01-05 20:00:00,33.86517645423626,919.6487261872597,30.993550983477334,65.01552949295153,96.89246717544177
2026-01-05 20:15:00,16.246117385711123,1040.2108896369084,20.530332427466117,65.57192763017693,38.183695095140656
2026-01-05 20:30:00,13.571362588455822,1694.2826293316418,30.74891602643449,51.45666885967738,65.31928405700461
2026-01-05 20:45:00,31.057973845683808,934.819088121715,24.475987567951577,57.67824045783009,15.524334604725905
2026-01-05 21:00:00,11.70787515558358,1419.5283525344148,29.57828795370985,56.70789510596762,76.57644524815574
2026-01-05 21:15:00,33.89667618321834,1256.8907239583793,28.606240324641007,45.91688479862227,86.02344175407285
2026-01-05 21:30:00,5.364634240694491,1594.6080976527667,26.237178870853345,45.846711736197435,41.884963054449344
2026-01-05 21:45:00,34.09636480122917,2086.2935307845646,28.12294130176459,74.10939652865207,144.96403860317193
2026-01-05 22:00:00,6.294797358517283,1718.6297749784505,29.66367117431483,54.55747834904844,137.32364553121388
2026-01-05 22:15:00,31.734293410942133,786.8926814633621,24.445543538161363,63.132756818358544,111.10005296382683
2026-01-05 22:30:00,20.831033272588996,456.12964311031243,23.597364777195626,55.45539507560706,84.67412802715076
2026-01-05 22:45:00,34.78894388357901,872.0752797396851,27.343527241199432,77.92377357903692,131.7956823506759
2026-01-05 23:00:00,7.213896942061966,1471.1402752604588,28.886305361353845,54.07538656030208,28.291328135284807
2026-01-05 23:15:00,21.615628532039622,492.5664642716506,28.385136482542773,60.03798844586273,120.6713711984839
2026-01-05 23:30:00,34.079076068572974,1293.4592449622255,28.77595013744498,75.54555876696107,27.474913955358762
2026-01-05 23:45:00,20.692935325104465,1474.3171280504005,24.791416462942262,74.4676748377133,121.18949275691676
2026-01-06 00:00:00,23.881959144057877,1001.6390034705295,28.996176377925238,51.513549624619706,48.607459555189976
2026-01-06 00:15:00,25.872460669538516,1787.6419667424796,21.322299609076694,73.09251584284986,132.79268134254644
2026-01-06 00:30:00,18.636231943033195,591.8768556407892,25.989380077569344,61.03654103582625,142.1658931355557
2026-01-06 00:45:00,23.8267424025219,535.2480071244557,20.063345265479338,61.90391052298743,30.83143571671619
2026-01-06 01:00:00,22.529429357693008,1710.739761166486,23.570444128902974,49.671799034558035,74.77458470915509
2026-01-06 01:15:00,32.034740314729675,1291.8843691711572,24.031076883585378,47.82105298149936,147.3382329427759
2026-01-06 01:30:00,6.363391410243736,1639.1243135699249,24.35789960770181,70.47787574408179,77.67704103624052
2026-01-06 01:45:00,13.428895687766909,1182.6892094867433,27.650139273588483,62.37614033243549,130.89665315203632
2026-01-06 02:00:00,33.51234452229676,843.5236598303923,24.274139113973803,60.289774591531284,92.42241309838478
2026-01-06 02:15:00,31.70791351672749,1874.3841718135595,24.93562984884784,70.53278800283388,62.54618710874426
2026-01-06 02:30:00,18.669702583571386,1838.9485821441626,22.612985439617603,71.79295146468884,50.00969777362183
2026-01-06 02:45:00,23.603977934046103,1650.4536475379682,24.10576970792274,50.56178586842738,38.45123275205222
2026-01-06 03:00:00,13.32143548943398,889.8612470139328,22.499965899894665,66.35788023171744,116.65174679287762
2026-01-06 03:15:00,10.64363479171284,1462.4152003643567,20.80515516145288,49.737392879718996,64.1156709552239
2026-01-06 03:30:00,18.910952148199463,1049.7530144920484,26.637934527195156,71.2981280110166,81.57856470810516
2026-01-06 03:45:00,15.600566840781585,564.8477319879414,27.350340784105178,67.99343046934987,78.92556720016547
2026-01-06 04:00:00,22.509683355526164,2051.1644358320373,26.81439380610576,78.48151173792104,90.81906409263837
2026-01-06 04:15:00,7.332039108949545,646.2735356541305,25.098434481806294,47.41353057247474,131.18080038743733
2026-01-06 04:30:00,34.23184422998499,2110.4272368774446,24.177643581971527,46.9969152402939,147.3035081016801
2026-01-06 04:45:00,34.586322334388086,1202.8103913243203,29.496670145290075,54.87654761426201,67.06178920033437
